id;name;public_id
1;Orchestrator Convertible Soft;5fa3c613-3e80-46db-ac85-7b2ce48a3021
2;male Greenland;b470c3f4-ed3b-4c96-9138-076a3344490d
3;male sticky array;70ac52e0-6b60-471b-a39c-68a98f39431a
4;Missouri;7446bae6-30dd-4728-827f-efa36b01f128
5;Home;989f91e1-9eb9-4d9f-96d7-51c782493e57
6;Response;9abb38ef-f10b-4738-801a-5b12f81be018
7;Emmie Dalasi;61a1c5e5-0a7a-4ce0-85a8-1ceb4605f239
8;North Loan Minivan;164848dd-ec61-4d98-9c41-12c50babe951
9;Jeep;549c359f-2483-46d1-8426-3e631ec0c7e8
10;oh Hybrid;9dca1f26-ce3a-42d2-9fee-ea172c81d07a
